<item name="Extended Mail" key="extended mail" id="{8B73FFE9-93D5-44B7-9978-E929BA3AE180}" tid="{F82BB575-5FA6-4FA8-AEFE-35AA01234B20}" mid="{00000000-0000-0000-0000-000000000000}" sortorder="" template="extended email action"><version language="da" version="1"><fields><field tfid="{25BED78C-4957-4165-998A-CA1B52F67497}" key="__created" type="datetime"><content>20050925T202038</content></field><field tfid="{5DD74568-4D4B-44C1-B513-0AF5F4CDA34F}" key="__created by" type="text"><content>sitecore\Admin</content></field><field tfid="{D1A34540-C3C2-4E42-9598-5E6133F64D8E}" key="to" type="text"><content>ys@sitecore.net</content></field><field tfid="{6917D2D9-3F44-49FB-9319-0EB7D900D8DC}" key="__inherit security" type="tristate"><content>1</content></field><field tfid="{5232654B-245D-4B92-97E8-330FAA3ECA7D}" key="from" type="text"><content>ys@sitecore.net</content></field><field tfid="{C8F93AFE-BFD4-4E8F-9C61-152559854661}" key="__valid from" type="datetime"><content>20050925T202038</content></field><field tfid="{28DF4F93-C179-4160-A726-082AA2C68EEB}" key="message" type="memo"><content>Time: $time

State of the $item.Name item (located at $item.Paths.Path) had been changed from '$state.DisplayName' to '$nextState' by $user.Name ($user.Email).

Item workflow history:
#foreach ($historyItem in $history)
Date: $historyItem.Date | User: $historyItem.User | Action: $historyItem.Text
#end

The item was last updated on $item.Statistics.Updated.</content></field><field tfid="{AD6FA604-E633-46F9-9708-0557A9A850AA}" key="subject" type="memo"><content>$site.Name workflow notification: state of the '$item.Name' item had been changed.</content></field><field tfid="{21638FB9-0EEB-4F34-998F-101AD5C6D3CB}" key="mail server" type="text"><content>mail.sitecore.net</content></field><field tfid="{8CDC337E-A112-42FB-BBB4-4143751E123F}" key="__revision" type="text"><content>25372617-a1af-4ac7-a582-45fe46942b6e</content></field><field tfid="{A4F985D9-98B3-4B52-AAAF-4344F6E747C6}" key="__workflow" type="reference"><content /></field><field tfid="{7116A64D-6BEA-4922-8356-F6B74685D555}" key="type" type="text"><content>Sitecore.Workflows.Simple.ExtendedMailAction, ExtendedMailAction</content></field><field tfid="{3E431DE1-525E-47A3-B6B0-1CCBEC3A8C98}" key="__workflow state" type="reference"><content /></field><field tfid="{BA3F86A2-4A1C-4D78-B63D-91C2779C1B5E}" key="__sortorder" type="text"><content /></field></fields></version><version language="en" version="1"><fields><field tfid="{BADD9CF9-53E0-4D0C-BCC0-2D784C282F6A}" key="__updated by" type="text"><content>sitecore\Admin</content></field><field tfid="{AD6FA604-E633-46F9-9708-0557A9A850AA}" key="subject" type="memo"><content>$site.Name workflow notification: state of the '$item.Name' item had been changed.</content></field><field tfid="{21638FB9-0EEB-4F34-998F-101AD5C6D3CB}" key="mail server" type="text"><content>mail.sitecore.net</content></field><field tfid="{5DD74568-4D4B-44C1-B513-0AF5F4CDA34F}" key="__created by" type="text"><content>sitecore\Admin</content></field><field tfid="{D1A34540-C3C2-4E42-9598-5E6133F64D8E}" key="to" type="text"><content>ys@sitecore.net</content></field><field tfid="{D9CF14B1-FA16-4BA6-9288-E8A174D4D522}" key="__updated" type="datetime"><content>20051122T174550</content></field><field tfid="{5232654B-245D-4B92-97E8-330FAA3ECA7D}" key="from" type="text"><content>ys@sitecore.net</content></field><field tfid="{C8F93AFE-BFD4-4E8F-9C61-152559854661}" key="__valid from" type="datetime"><content>20050925T202038</content></field><field tfid="{28DF4F93-C179-4160-A726-082AA2C68EEB}" key="message" type="memo"><content>Time: $time

State of the $item.Name item (located at $item.Paths.Path) had been changed from '$state.DisplayName' to '$nextState' by $user.Name ($user.Email).

Item workflow history:
#foreach ($historyItem in $history)
Date: $historyItem.Date | User: $historyItem.User | Action: $historyItem.Text
#end

The item was last updated on $item.Statistics.Updated.</content></field><field tfid="{3E431DE1-525E-47A3-B6B0-1CCBEC3A8C98}" key="__workflow state" type="reference"><content /></field><field tfid="{A4F985D9-98B3-4B52-AAAF-4344F6E747C6}" key="__workflow" type="reference"><content /></field><field tfid="{8CDC337E-A112-42FB-BBB4-4143751E123F}" key="__revision" type="text"><content>8ec0c830-f68f-4636-9efd-24532a0037fc</content></field><field tfid="{25BED78C-4957-4165-998A-CA1B52F67497}" key="__created" type="datetime"><content>20050925T202038</content></field><field tfid="{7116A64D-6BEA-4922-8356-F6B74685D555}" key="type" type="text"><content>Sitecore.Workflows.Simple.ExtendedMailAction, ExtendedMailAction</content></field><field tfid="{6917D2D9-3F44-49FB-9319-0EB7D900D8DC}" key="__inherit security" type="tristate"><content>1</content></field><field tfid="{001DD393-96C5-490B-924A-B0F25CD9EFD8}" key="__lock" type="xml"><content>&lt;r owner="sitecore\Admin" date="20050925T202039" /&gt;</content></field><field tfid="{BA3F86A2-4A1C-4D78-B63D-91C2779C1B5E}" key="__sortorder" type="text"><content /></field></fields></version></item>