<item name="PublishAction" key="publishaction" id="{730D621B-CBA9-4B7A-A858-D31AB7A8EB29}" tid="{C3FD4E51-F57E-465E-9F13-954891FE14A8}" mid="{00000000-0000-0000-0000-000000000000}" sortorder="" template="publishaction"><version language="en" version="1"><fields><field tfid="{A291A22B-99E2-46BB-A27B-8EC744275396}" key="type" type="text"><content>Sitecore.Workflows.Simple.PublishAction, PublishAction</content></field><field tfid="{001DD393-96C5-490B-924A-B0F25CD9EFD8}" key="__lock" type="xml"><content>&lt;r owner="sitecore\Admin" date="20051123T174437" /&gt;</content></field><field tfid="{8CDC337E-A112-42FB-BBB4-4143751E123F}" key="__revision" type="text"><content>8abf47dd-332f-45a5-b23c-757b7ed78b58</content></field><field tfid="{1507131D-CEE3-49E9-AF32-DE5403A37B49}" key="parameters" type="text"><content>deep=1</content></field><field tfid="{D9CF14B1-FA16-4BA6-9288-E8A174D4D522}" key="__updated" type="datetime"><content>20051124T123740</content></field><field tfid="{BADD9CF9-53E0-4D0C-BCC0-2D784C282F6A}" key="__updated by" type="text"><content>sitecore\Admin</content></field><field tfid="{C94D1EF1-AE82-4937-82AD-4B63B249D076}" key="targets" type="multilist"><content>{8062B9F2-BD7A-4269-84E5-08CE1B6C8A2D}</content></field><field tfid="{A4F985D9-98B3-4B52-AAAF-4344F6E747C6}" key="__workflow" type="reference"><content /></field><field tfid="{3E431DE1-525E-47A3-B6B0-1CCBEC3A8C98}" key="__workflow state" type="reference"><content /></field><field tfid="{BA3F86A2-4A1C-4D78-B63D-91C2779C1B5E}" key="__sortorder" type="text"><content /></field></fields></version></item>